{"openapi": "3.0.2", "info": {"title": "FastAPI", "version": "0.1.0"}, "paths": {"/": {"get": {"summary": "Root", "description": "Allows to open the API documentation in the browser directly instead of\nrequiring to open the /docs path.", "operationId": "root__get", "responses": {"200": {"description": "Successful Response", "content": {"application/json": {"schema": {}}}}}}}, "/countries": {"get": {"summary": "Countries", "operationId": "countries_countries_get", "responses": {"200": {"description": "Successful Response", "content": {"application/json": {"schema": {}}}}}}}, "/countries/{country}": {"get": {"summary": "Cities", "operationId": "cities_countries__country__get", "parameters": [{"required": true, "schema": {"title": "Country", "type": "string"}, "name": "country", "in": "path"}], "responses": {"200": {"description": "Successful Response", "content": {"application/json": {"schema": {}}}}, "422": {"description": "Validation Error", "content": {"application/json": {"schema": {"$ref": "#/components/schemas/HTTPValidationError"}}}}}}}, "/countries/{country}/{city}/{month}": {"get": {"summary": "Monthly Average", "operationId": "monthly_average_countries__country___city___month__get", "parameters": [{"required": true, "schema": {"title": "Country", "type": "string"}, "name": "country", "in": "path"}, {"required": true, "schema": {"title": "City", "type": "string"}, "name": "city", "in": "path"}, {"required": true, "schema": {"title": "Month", "type": "string"}, "name": "month", "in": "path"}], "responses": {"200": {"description": "Successful Response", "content": {"application/json": {"schema": {}}}}, "422": {"description": "Validation Error", "content": {"application/json": {"schema": {"$ref": "#/components/schemas/HTTPValidationError"}}}}}}}}, "components": {"schemas": {"HTTPValidationError": {"title": "HTTPValidationError", "type": "object", "properties": {"detail": {"title": "Detail", "type": "array", "items": {"$ref": "#/components/schemas/ValidationError"}}}}, "ValidationError": {"title": "ValidationError", "required": ["loc", "msg", "type"], "type": "object", "properties": {"loc": {"title": "Location", "type": "array", "items": {"anyOf": [{"type": "string"}, {"type": "integer"}]}}, "msg": {"title": "Message", "type": "string"}, "type": {"title": "Error Type", "type": "string"}}}}}}